Type,Name,Request Count,Failure Count,Median Response Time,Average Response Time,Min Response Time,Max Response Time,Average Content Size,Requests/s,Failures/s,50%,66%,75%,80%,90%,95%,98%,99%,99.9%,99.99%,100%
GET,/,5,0,13,9.629770199990162,2.20950700031608,17.07648599995082,548.0,1.1138148063642919,0.0,13,14,14,17,17,17,17,17,17,17,17
POST,/,4,0,240.0,319.50043925007776,122.43221600010656,526.2061799999174,1571.0,0.8910518450914334,0.0,390,390,530,530,530,530,530,530,530,530,530
POST,/feedback,14,0,14,11.779898571441143,2.446513999984745,21.13599599988447,696.0,3.118681457820017,0.0,15,15,17,17,21,21,21,21,21,21,21
POST,/predict,1,0,243.14549199971225,243.14549199971225,243.14549199971225,243.14549199971225,85.0,0.22276296127285836,0.0,240,240,240,240,240,240,240,240,240,240,240
,Aggregated,24,0,15,72.25894500000625,2.20950700031608,526.2061799999174,785.5416666666666,5.346311070548601,0.0,15,17,21,120,240,390,530,530,530,530,530
